INSERT INTO arts (id, name, century, year, summary) VALUES (1, 'fotografia', 'S.XIX', '1839', 'Resultado de la combinación de diversos descubrimientos técnicos. Nos basamos en la divulgacion mundial del daguerrotipo para su fecha');
INSERT INTO arts (id, name, century, year, summary) VALUES (2, 'pintura', 'S.XXV a.C.', 'c.2450 a.C.', 'Nos basamos en los papiros egipcios para su fecha');
INSERT INTO arts (id, name, century, year, summary) VALUES (3, 'arquitectura', 'S.XXV a.C.', 'c.2450 a.C.', 'Nos basamos en la arquitectura egipcia para su fecha');
INSERT INTO arts (id, name, century, year, summary) VALUES (4, 'escultura', 'S.XXVIII a.C.', 'c.28000 a.C.', 'Nos basamos en la Venus de Willendorf');
INSERT INTO arts (id, name, century, year, summary) VALUES (5, 'escritura', 'S.XXX a.C.', '3000 a.C.', 'Nos basamos en la escritura cuneiforme');
INSERT INTO arts (id, name, century, year, summary) VALUES (6, 'dibujo', 'Paleolitico inferior', '73000 a.C.', 'Nos basamos en las pinturas rupestres');



INSERT INTO movements (id, name, century, year, summary, art_id) VALUES (1, 'Prerromanico', 'S.VI a.C.', 'c. 500 a.C.', 'Expresión genérica que engloba la producción artística de la cristiandad latina entre el arte paleocristiano y el arte románico.', 2);
INSERT INTO movements (id, name, century, year, summary, art_id) VALUES (2, 'Prerromanico', 'S.VI a.C.', 'c. 500 a.C.', 'Expresión genérica que engloba la producción artística de la cristiandad latina entre el arte paleocristiano y el arte románico.', 3);
INSERT INTO movements (id, name, century, year, summary, art_id) VALUES (3, 'Prerromanico', 'S.VI a.C.', 'c. 500 a.C.', 'Expresión genérica que engloba la producción artística de la cristiandad latina entre el arte paleocristiano y el arte románico.', 4);
INSERT INTO movements (id, name, century, year, summary, art_id) VALUES (4, 'Romanico', 'S.XI', 'c.1001', 'El primer gran estilo claramente cristiano y europeo que agrupó a las diferentes opciones que se habían utilizado en la temprana Edad Media', 2);
INSERT INTO movements (id, name, century, year, summary, art_id) VALUES (5, 'Romanico', 'S.XI', 'c.1001', 'El primer gran estilo claramente cristiano y europeo que agrupó a las diferentes opciones que se habían utilizado en la temprana Edad Media', 3);
INSERT INTO movements (id, name, century, year, summary, art_id) VALUES (6, 'Romanico', 'S.XI', 'c.1001', 'El primer gran estilo claramente cristiano y europeo que agrupó a las diferentes opciones que se habían utilizado en la temprana Edad Media', 4);
INSERT INTO movements (id, name, century, year, summary, art_id) VALUES (7, 'Gotico', 'S.XII', 'c.1101', 'movimiento artístico surgido en Francia a partir del dadaísmo', 2);
INSERT INTO movements (id, name, century, year, summary, art_id) VALUES (8, 'Gotico', 'S.XII', 'c.1101', 'movimiento artístico surgido en Francia a partir del dadaísmo', 3);
INSERT INTO movements (id, name, century, year, summary, art_id) VALUES (9, 'Gotico', 'S.XII', 'c.1101', 'movimiento artístico surgido en Francia a partir del dadaísmo', 4);
INSERT INTO movements (id, name, century, year, summary, art_id) VALUES (10, 'Renacimiento', 'S.XVI', 'c.1501', 'Período de transición entre la Edad Media y los inicios de la Edad Moderna', 2);
INSERT INTO movements (id, name, century, year, summary, art_id) VALUES (11, 'Renacimiento', 'S.XVI', 'c.1501', 'Período de transición entre la Edad Media y los inicios de la Edad Moderna', 3);
INSERT INTO movements (id, name, century, year, summary, art_id) VALUES (12, 'Renacimiento', 'S.XVI', 'c.1501', 'Período de transición entre la Edad Media y los inicios de la Edad Moderna', 4);
INSERT INTO movements (id, name, century, year, summary, art_id) VALUES (13, 'Barroco', 'S.XVII', '1601', '', 2);
INSERT INTO movements (id, name, century, year, summary, art_id) VALUES (14, 'Barroco', 'S.XVII', '1601', '', 3);
INSERT INTO movements (id, name, century, year, summary, art_id) VALUES (15, 'Barroco', 'S.XVII', '1601', '', 4);
INSERT INTO movements (id, name, century, year, summary, art_id) VALUES (16, 'Neoclasico', 'S.XVIII', '', '', 2);
INSERT INTO movements (id, name, century, year, summary, art_id) VALUES (17, 'Romanticismo', 'S.XVIII', '1800', 'Ruptura con la tradición clasicista basada en un conjunto de reglas estereotipadas', 2);
INSERT INTO movements (id, name, century, year, summary, art_id) VALUES (18, 'Romanticismo', 'S.XVIII', '1800', 'Ruptura con la tradición clasicista basada en un conjunto de reglas estereotipadas', 5);
INSERT INTO movements (id, name, century, year, summary, art_id) VALUES (19, 'Realismo', '', '', '', 2);
INSERT INTO movements (id, name, century, year, summary, art_id) VALUES (20, 'Impresionismo', 'S.XIX', '1874', 'Intento de plasmar la luz y el instante', 1);
INSERT INTO movements (id, name, century, year, summary, art_id) VALUES (21, 'Impresionismo', 'S.XIX', '1874', 'Intento de plasmar la luz y el instante', 2);
INSERT INTO movements (id, name, century, year, summary, art_id) VALUES (22, 'Postimpresionismo', 'S.XX', '1910', 'Diversos estilos personales planteándolos como una extensión del impresionismo y a la vez como un rechazo a las limitaciones de este', 2);
INSERT INTO movements (id, name, century, year, summary, art_id) VALUES (23, 'Expresionismo', 'S.XX', '1905', 'Arte más personal e intuitivo, donde predomina la visión interior del artista', 1);
INSERT INTO movements (id, name, century, year, summary, art_id) VALUES (24, 'Expresionismo', 'S.XX', '1905', 'Arte más personal e intuitivo, donde predomina la visión interior del artista', 2);
INSERT INTO movements (id, name, century, year, summary, art_id) VALUES (25, 'Expresionismo', 'S.XX', '1905', 'Arte más personal e intuitivo, donde predomina la visión interior del artista', 3);
INSERT INTO movements (id, name, century, year, summary, art_id) VALUES (26, 'Expresionismo', 'S.XX', '1905', 'Arte más personal e intuitivo, donde predomina la visión interior del artista', 4);
INSERT INTO movements (id, name, century, year, summary, art_id) VALUES (27, 'Expresionismo', 'S.XX', '1905', 'Arte más personal e intuitivo, donde predomina la visión interior del artista', 5);
INSERT INTO movements (id, name, century, year, summary, art_id) VALUES (28, 'Expresionismo', 'S.XX', '1905', 'Arte más personal e intuitivo, donde predomina la visión interior del artista', 6);
INSERT INTO movements (id, name, century, year, summary, art_id) VALUES (29, 'Fauvismo', 'S.XX', '1904', 'Empleo provocativo del color', 2);
INSERT INTO movements (id, name, century, year, summary, art_id) VALUES (30, 'Cubismo', 'S.XX', '1907', 'Trata las formas de la naturaleza por medio de figuras geométricas, fragmentando líneas y superficies', 3);
INSERT INTO movements (id, name, century, year, summary, art_id) VALUES (31, 'Cubismo', 'S.XX', '1907', 'Trata las formas de la naturaleza por medio de figuras geométricas, fragmentando líneas y superficies', 4);
INSERT INTO movements (id, name, century, year, summary, art_id) VALUES (32, 'Cubismo', 'S.XX', '1907', 'Trata las formas de la naturaleza por medio de figuras geométricas, fragmentando líneas y superficies', 5);
INSERT INTO movements (id, name, century, year, summary, art_id) VALUES (33, 'Surrealismo', 'S.XX', '1920', 'Movimiento artístico surgido en Francia a partir del dadaísmo', 2);
INSERT INTO movements (id, name, century, year, summary, art_id) VALUES (34, 'Surrealismo', 'S.XX', '1920', 'Movimiento artístico surgido en Francia a partir del dadaísmo', 5);



INSERT INTO artists (id, name, surnames, nickname, nationality, born, died, art_id, movement_id) VALUES (1, 'Salvador Felipe Jacinto', 'Dali i Domenech', 'Salvador Dali', 'Espanol', '1904', '1989', 5, 32);
INSERT INTO artists (id, name, surnames, nickname, nationality, born, died, art_id, movement_id) VALUES (2, 'Salvador Felipe Jacinto', 'Dali i Domenech', 'Salvador Dali', 'Espanol', '1904', '1989', 2, 33);
INSERT INTO artists (id, name, surnames, nickname, nationality, born, died, art_id, movement_id) VALUES (3, 'Vincent Willem', 'Van Gogh', 'Van Gogh', 'Neerlandes', '1853', '1890', 2, 22);
INSERT INTO artists (id, name, surnames, nickname, nationality, born, died, art_id, movement_id) VALUES (4, 'Vincent Willem', 'Van Gogh', 'Van Gogh', 'Neerlandes', '1853', '1890', 2, 24);
INSERT INTO artists (id, name, surnames, nickname, nationality, born, died, art_id, movement_id) VALUES (5, 'Henri', 'Cartier Bresson', '', 'Frances', '1908', '2004', 1, 19);
